,Precision,Recall,F1-Score,Support
O,0.9916089018606348,0.987286596440247,0.9894430287586458,2753
B-actor,0.23529411764705882,0.4,0.2962962962962963,10
I-actor,0.16666666666666666,1.0,0.2857142857142857,1
B-usecase,0.25,0.2,0.2222222222222222,10
I-usecase,0.3888888888888889,0.4375,0.4117647058823529,16
