,entity_group,score,word,start,end
0,class,0.99748707,account,149,157
1,class,0.9991879,kiosk,247,253
2,attr,0.5962057,Cards,387,393
3,class,0.9981558,Customer,400,409
4,class,0.9973074,Users,409,415
5,class,0.99658316,system,507,514
6,attr,0.9923291,card status,531,543
7,class,0.9926023,user,552,557
8,class,0.99949586,card,576,581
9,class,0.989726,user,586,591
10,attr,0.87559366,card status,637,649
