,entity_group,score,word,start,end
0,class,0.80962557,account,149,157
1,class,0.6751796,kiosk,247,253
2,class,0.9306689,Customer,400,409
3,class,0.7174397,Users,409,415
4,class,0.52599186,cards,438,444
5,class,0.86335844,system,507,514
6,attr,0.89002854,card status,531,543
7,class,0.9653118,user,552,557
8,class,0.9506984,card,576,581
9,class,0.9455363,user,586,591
10,class,0.77225643,card,608,613
11,attr,0.8630806,card status,637,649
