,Precision,Recall,F1-Score,Support
O,0.9264864864864865,0.9667230682459109,0.9461772012144631,1773
B-class,0.7230769230769231,0.7382198952879581,0.7305699481865285,191
I-class,0.6951219512195121,0.6129032258064516,0.6514285714285715,93
B-attr,0.7699115044247787,0.6397058823529411,0.6987951807228916,136
I-attr,0.8947368421052632,0.5985915492957746,0.7172995780590717,142
